,City,Country,Lat,Lng,Date,Max Temp,Humidity,Clouds,Wind Speed
0,topolobampo,MX,25.6,-109.05,1572294516.0,91.99,40.0,5.0,12.75
1,hermanus,ZA,-34.42,19.24,1572294518.0,53.01,96.0,55.0,10.0
2,kruisfontein,ZA,-34.0,24.73,1572294519.0,51.75,67.0,0.0,26.98
3,hithadhoo,MV,-0.6,73.08,1572294520.0,81.72,72.0,100.0,4.76
4,mataura,NZ,-46.19,168.86,1572294521.0,48.0,86.0,63.0,4.0
5,nevelsk,RU,46.67,141.86,1572294522.0,28.4,92.0,95.0,6.71
6,placido de castro,BR,-10.34,-67.19,1572294523.0,94.51,37.0,96.0,3.0
7,cherskiy,RU,68.75,161.3,1572294524.0,-9.64,97.0,83.0,5.32
8,hobart,AU,-42.88,147.33,1572294525.0,60.01,24.0,100.0,8.05
9,butaritari,KI,3.07,172.79,1572294527.0,84.87,70.0,100.0,11.61
10,busselton,AU,-33.64,115.35,1572294528.0,53.01,50.0,100.0,10.0
13,faanui,PF,-16.48,-151.75,1572294529.0,80.06,77.0,87.0,15.17
14,miram shah,PK,33.01,70.07,1572294530.0,63.34,45.0,7.0,2.89
15,punta arenas,CL,-53.16,-70.91,1572294531.0,46.4,42.0,75.0,12.75
16,potosi,BO,-19.59,-65.75,1572294532.0,64.62,23.0,0.0,14.43
17,ponta do sol,BR,-20.63,-46.0,1572294534.0,70.68,78.0,63.0,3.76
18,norman wells,CA,65.28,-126.83,1572294535.0,24.8,68.0,75.0,19.46
19,ilulissat,GL,69.22,-51.1,1572294536.0,26.6,92.0,75.0,1.12
20,port alfred,ZA,-33.59,26.89,1572294537.0,57.99,72.0,46.0,14.0
21,nikolskoye,RU,59.7,30.79,1572294538.0,33.01,83.0,40.0,6.71
22,sept-iles,CA,50.2,-66.38,1572294375.0,42.01,74.0,90.0,10.29
23,saint-augustin,CA,45.63,-73.98,1572294540.0,57.99,93.0,90.0,2.44
24,kudahuvadhoo,MV,2.67,72.89,1572294542.0,80.44,77.0,99.0,7.81
25,coquimbo,CL,-29.95,-71.34,1572294543.0,64.4,55.0,100.0,13.87
26,hasaki,JP,35.73,140.83,1572294544.0,59.0,87.0,75.0,8.05
27,maldonado,UY,-34.91,-54.96,1572294347.0,68.0,94.0,90.0,6.93
28,hengshui,CN,37.73,115.7,1572294546.0,45.41,21.0,0.0,5.23
29,ribeira grande,PT,38.52,-28.7,1572294547.0,64.4,77.0,40.0,3.36
30,kurchum,KZ,48.57,83.65,1572294548.0,44.65,65.0,100.0,13.29
32,saint-pierre,FR,48.95,4.24,1572294550.0,46.99,87.0,100.0,11.41
34,calvinia,ZA,-31.47,19.78,1572294551.0,40.17,84.0,0.0,12.3
36,chokurdakh,RU,70.62,147.9,1572294552.0,-4.83,93.0,34.0,1.99
37,sioux lookout,CA,50.1,-91.92,1572294553.0,28.4,79.0,90.0,9.17
38,sao joao da barra,BR,-21.64,-41.05,1572294554.0,82.4,65.0,0.0,25.28
39,jamestown,AU,-33.21,138.6,1572294555.0,59.22,36.0,0.0,8.86
40,bethel,US,60.79,-161.76,1572294556.0,42.8,100.0,90.0,9.17
41,adet,ET,11.26,37.49,1572294558.0,58.05,89.0,90.0,1.54
42,carnarvon,ZA,-30.97,22.13,1572294559.0,42.66,60.0,0.0,18.16
43,barrow,AR,-38.31,-60.23,1572294560.0,57.88,74.0,46.0,6.4
44,taoudenni,ML,22.68,-3.98,1572294561.0,80.2,16.0,0.0,8.32
45,wattens,AT,47.29,11.59,1572294562.0,48.0,100.0,100.0,1.01
46,devils lake,US,48.11,-98.87,1572294563.0,33.8,74.0,90.0,11.41
47,antalaha,MG,-14.9,50.28,1572294564.0,77.59,72.0,0.0,5.41
48,gamba,CN,28.28,88.52,1572294565.0,27.61,54.0,96.0,0.6
49,manggar,ID,-2.88,108.27,1572294567.0,81.66,72.0,66.0,4.9
50,albany,US,42.65,-73.75,1572294568.0,60.8,59.0,90.0,5.82
51,cockburn town,TC,21.46,-71.14,1572294569.0,82.22,80.0,0.0,18.45
52,bay city,US,43.59,-83.89,1572294570.0,66.2,51.0,90.0,6.93
53,nuuk,GL,64.17,-51.74,1572294571.0,30.2,68.0,20.0,9.17
54,colimes,EC,-1.55,-80.01,1572294572.0,84.2,62.0,40.0,9.17
55,lebu,ET,8.96,38.73,1572294573.0,57.2,54.0,40.0,6.93
56,nemuro,JP,43.32,145.57,1572294574.0,52.38,64.0,58.0,2.33
57,mobaye,CF,4.33,21.18,1572294576.0,70.16,94.0,100.0,0.83
58,leningradskiy,RU,69.38,178.42,1572294577.0,13.44,88.0,100.0,36.93
59,vaini,IN,15.34,74.49,1572294578.0,68.09,94.0,3.0,2.48
60,upernavik,GL,72.79,-56.15,1572294579.0,27.73,96.0,100.0,7.61
61,okhotsk,RU,59.36,143.24,1572294580.0,34.84,98.0,100.0,8.37
62,port elizabeth,US,39.31,-74.98,1572294581.0,66.99,67.0,90.0,5.82
64,unai,BR,-16.36,-46.91,1572294582.0,81.46,49.0,48.0,2.77
65,dingle,PH,11.0,122.67,1572294583.0,73.49,92.0,100.0,1.63
66,narsaq,GL,60.91,-46.05,1572294585.0,42.8,60.0,75.0,9.17
67,cidreira,BR,-30.17,-50.22,1572294586.0,72.45,79.0,47.0,10.76
69,rikitea,PF,-23.12,-134.97,1572294587.0,71.83,82.0,46.0,14.25
70,yellowknife,CA,62.45,-114.38,1572294450.0,14.0,72.0,75.0,5.82
71,alice springs,AU,-23.7,133.88,1572294589.0,55.4,22.0,0.0,5.82
72,mehamn,NO,71.03,27.85,1572294590.0,33.8,92.0,90.0,21.92
73,codrington,AU,-28.95,153.24,1572294591.0,62.01,93.0,40.0,8.05
75,georgetown,GY,6.8,-58.16,1572294593.0,86.0,70.0,40.0,4.7
76,iqaluit,CA,63.75,-68.52,1572294594.0,33.8,69.0,75.0,13.87
77,puerto ayora,EC,-0.74,-90.35,1572294595.0,80.6,57.0,75.0,13.87
78,ushuaia,AR,-54.81,-68.31,1572294420.0,42.8,69.0,40.0,23.04
79,cape town,ZA,-33.93,18.42,1572294569.0,57.99,62.0,40.0,5.82
80,nakonde,ZM,-9.33,32.75,1572294598.0,67.51,40.0,0.0,4.34
81,mar del plata,AR,-46.43,-67.52,1572294599.0,52.84,62.0,100.0,14.25
82,dunedin,NZ,-45.87,170.5,1572294484.0,55.0,59.0,51.0,5.99
83,agadez,NE,16.97,7.99,1572294602.0,90.64,22.0,100.0,6.31
84,ancud,CL,-41.87,-73.83,1572294603.0,48.2,93.0,90.0,18.34
85,zhangye,CN,38.94,100.46,1572294604.0,43.66,19.0,0.0,8.63
86,lavrentiya,RU,65.58,-170.99,1572294605.0,32.34,93.0,100.0,5.01
87,hilo,US,19.71,-155.08,1572294606.0,82.4,58.0,1.0,8.43
88,westport,US,41.14,-73.36,1572294607.0,64.0,72.0,1.0,9.17
89,zeya,RU,53.74,127.27,1572294608.0,27.97,96.0,100.0,4.45
90,ugoofaaru,MV,5.67,73.0,1572294610.0,83.08,72.0,88.0,9.93
91,mount gambier,AU,-37.83,140.78,1572294611.0,48.2,93.0,0.0,10.29
93,vaitape,PF,-16.52,-151.75,1572294612.0,80.06,77.0,87.0,15.17
95,shenjiamen,CN,29.96,122.3,1572294613.0,66.54,72.0,0.0,18.1
96,saskylakh,RU,71.97,114.09,1572294615.0,-0.12,96.0,78.0,7.09
97,les cayes,HT,18.19,-73.75,1572294616.0,83.59,71.0,14.0,8.1
98,half moon bay,US,37.46,-122.43,1572294617.0,73.99,14.0,20.0,3.36
99,quatre cocos,MU,-20.21,57.76,1572294618.0,71.6,83.0,20.0,11.41
100,avarua,CK,-21.21,-159.78,1572294619.0,73.4,69.0,99.0,4.7
101,boende,CD,-0.28,20.88,1572294620.0,70.83,97.0,99.0,1.43
102,vao,EE,59.1,26.19,1572294621.0,36.48,93.0,100.0,0.45
103,lamu,CN,35.77,102.37,1572294622.0,29.16,26.0,0.0,2.71
105,belgrade,RS,44.82,20.46,1572294624.0,53.6,81.0,100.0,4.7
106,torbay,CA,47.66,-52.73,1572294625.0,41.0,80.0,90.0,21.92
107,vestmannaeyjar,IS,63.44,-20.27,1572294626.0,39.58,70.0,33.0,8.9
108,pundaguitan,PH,6.37,126.17,1572294627.0,81.93,73.0,98.0,0.96
109,touros,BR,-5.2,-35.46,1572294628.0,78.8,69.0,40.0,12.75
110,sechura,PE,-5.56,-80.82,1572294629.0,61.84,90.0,76.0,19.1
111,itinga,BR,-16.61,-41.77,1572294630.0,77.99,44.0,59.0,5.99
112,yulara,AU,-25.24,130.99,1572294631.0,60.8,21.0,0.0,4.7
113,santo amaro,BR,-12.55,-38.71,1572294633.0,82.4,74.0,40.0,11.41
114,bluff,AU,-23.58,149.07,1572294634.0,70.68,75.0,61.0,14.45
115,aguimes,ES,27.91,-15.45,1572294635.0,80.6,51.0,0.0,2.01
116,san patricio,PY,-26.98,-56.83,1572294636.0,96.66,42.0,0.0,4.72
117,dikson,RU,73.51,80.55,1572294637.0,9.63,87.0,100.0,15.79
118,port hedland,AU,-20.31,118.58,1572294638.0,75.2,88.0,9.0,6.93
119,wick,GB,51.45,-2.43,1572294639.0,46.4,93.0,75.0,8.05
120,mopti,ML,14.49,-4.19,1572294640.0,86.41,35.0,21.0,4.43
121,severo-kurilsk,RU,50.68,156.12,1572294642.0,35.06,94.0,96.0,10.63
122,san miguel,AR,-34.54,-58.72,1572294639.0,64.99,82.0,90.0,11.41
123,gigmoto,PH,13.78,124.39,1572294644.0,84.31,74.0,100.0,12.15
124,amguri,IN,26.81,94.53,1572294645.0,69.1,95.0,67.0,2.86
125,petropavlovsk-kamchatskiy,RU,53.05,158.65,1572294646.0,33.8,69.0,40.0,8.5
126,sitka,US,37.17,-99.65,1572294647.0,32.0,62.0,86.0,11.99
127,maceio,BR,-9.67,-35.74,1572294648.0,78.8,69.0,20.0,14.99
129,karasjok,NO,69.47,25.52,1572294650.0,30.2,74.0,75.0,14.99
130,svetlyy yar,RU,48.48,44.79,1572294651.0,46.4,93.0,90.0,6.71
131,san lazaro,BZ,18.04,-88.66,1572294652.0,82.4,88.0,75.0,3.36
132,san pedro,AR,-33.68,-59.66,1572294365.0,64.0,85.0,100.0,8.01
133,laguna,BZ,16.17,-88.94,1572294654.0,86.0,74.0,40.0,6.93
135,hun,BE,50.34,4.87,1572294656.0,48.0,81.0,99.0,5.82
136,ghanzi,BW,-21.7,21.65,1572294657.0,69.94,16.0,0.0,20.65
137,pisco,PE,-13.71,-76.2,1572294573.0,71.6,30.0,75.0,8.05
138,muscat,OM,23.6,58.55,1572294612.0,84.2,48.0,13.0,8.05
139,cap malheureux,MU,-19.98,57.61,1572294660.0,71.6,83.0,20.0,7.85
140,ishigaki,JP,24.34,124.16,1572294661.0,77.05,86.0,2.0,13.73
141,vila velha,BR,-3.71,-38.6,1572294662.0,82.4,65.0,40.0,18.34
142,chalon-sur-saone,FR,46.78,4.85,1572294442.0,54.0,93.0,90.0,5.82
143,bongandanga,CD,1.51,21.07,1572294665.0,71.96,82.0,97.0,2.44
144,porbandar,IN,21.64,69.61,1572294666.0,81.37,81.0,100.0,12.48
145,acapulco,MX,16.86,-99.88,1572294667.0,86.0,70.0,40.0,5.82
146,kamaishi,JP,39.28,141.86,1572294668.0,49.91,80.0,98.0,7.83
147,qaanaaq,GL,77.48,-69.36,1572294669.0,8.28,85.0,73.0,7.02
148,northam,AU,-31.65,116.67,1572294670.0,59.0,67.0,100.0,8.05
149,martapura,ID,-3.41,114.85,1572294671.0,71.62,90.0,100.0,1.79
150,cabo san lucas,MX,22.89,-109.91,1572294612.0,91.0,35.0,5.0,10.29
151,sanchor,IN,24.76,71.77,1572294674.0,77.29,73.0,98.0,6.42
152,heihe,RU,50.24,127.51,1572294675.0,30.2,100.0,75.0,8.95
153,yekaterinogradskaya,RU,43.76,44.23,1572294676.0,53.6,54.0,0.0,6.71
154,lesnikovo,RU,55.28,65.32,1572294677.0,45.36,64.0,72.0,18.16
155,kapaa,US,22.08,-159.32,1572294465.0,82.4,69.0,75.0,10.29
156,kavieng,PG,-2.57,150.8,1572294679.0,83.61,72.0,16.0,2.84
157,altay,CN,47.83,88.13,1572294680.0,24.39,73.0,6.0,4.12
158,inhambane,MZ,-23.87,35.38,1572294682.0,80.6,83.0,20.0,13.87
159,henties bay,NA,-22.12,14.28,1572294683.0,60.01,79.0,0.0,8.01
160,airai,TL,-8.93,125.41,1572294684.0,64.08,82.0,42.0,2.26
161,tazovskiy,RU,67.47,78.7,1572294685.0,1.71,98.0,93.0,7.61
162,camacha,PT,33.08,-16.33,1572294686.0,73.4,88.0,40.0,6.93
163,yumen,CN,40.29,97.04,1572294687.0,37.99,29.0,0.0,12.91
165,puri,ID,-7.54,112.45,1572294688.0,72.25,82.0,61.0,2.8
166,ajdabiya,LY,30.75,20.22,1572294690.0,69.44,42.0,0.0,7.0
167,kankaanpaa,FI,61.8,22.42,1572294691.0,30.2,92.0,63.0,2.24
168,mikhaylovka,RU,52.96,103.29,1572294692.0,36.52,73.0,99.0,3.53
169,aklavik,CA,68.22,-135.01,1572294693.0,24.8,79.0,90.0,16.11
170,beringovskiy,RU,63.05,179.32,1572294694.0,21.22,65.0,26.0,23.04
171,lorengau,PG,-2.02,147.27,1572294695.0,83.12,68.0,2.0,2.64
172,eureka,US,40.8,-124.16,1572294436.0,60.01,24.0,1.0,4.7
174,moranbah,AU,-22.0,148.04,1572294698.0,69.6,77.0,75.0,12.53
175,blackwater,GB,51.33,-0.78,1572294699.0,48.99,87.0,100.0,8.05
176,roebourne,AU,-20.77,117.15,1572294700.0,73.47,52.0,0.0,13.89
177,longyearbyen,NO,78.22,15.63,1572294701.0,14.0,78.0,20.0,4.7
178,kodinsk,RU,58.6,99.18,1572294702.0,38.66,95.0,100.0,11.07
179,tuktoyaktuk,CA,69.44,-133.03,1572294703.0,26.6,73.0,90.0,29.97
180,filadelfia,PY,-22.35,-60.04,1572294704.0,107.19,19.0,0.0,20.09
181,atuona,PF,-9.8,-139.03,1572294705.0,79.83,79.0,100.0,19.66
182,tautira,PF,-17.73,-149.15,1572294707.0,84.2,70.0,20.0,4.7
183,ozu,JP,33.51,132.54,1572294708.0,62.01,85.0,100.0,5.01
184,wanaka,NZ,-44.7,169.14,1572294709.0,51.01,63.0,75.0,5.01
185,khatanga,RU,71.98,102.47,1572294710.0,6.46,78.0,9.0,16.37
186,klaksvik,FO,62.23,-6.59,1572294711.0,37.4,63.0,100.0,3.36
187,riyadh,SA,24.63,46.72,1572294623.0,78.8,44.0,40.0,4.7
188,clyde river,CA,70.47,-68.59,1572294713.0,30.2,92.0,75.0,9.17
189,zhigansk,RU,66.77,123.37,1572294714.0,13.71,91.0,100.0,9.98
190,miri,NG,10.31,9.75,1572294716.0,73.63,73.0,95.0,3.22
192,caravelas,BR,-17.73,-39.27,1572294717.0,73.92,78.0,64.0,10.45
193,roswell,US,33.39,-104.52,1572294610.0,53.6,53.0,1.0,3.36
196,coahuayana,MX,18.62,-100.35,1572294719.0,85.46,64.0,22.0,1.68
197,moundsville,US,39.92,-80.74,1572294720.0,71.01,40.0,1.0,5.82
199,richards bay,ZA,-28.77,32.06,1572294722.0,68.49,79.0,100.0,19.42
200,new norfolk,AU,-42.78,147.06,1572294723.0,60.01,24.0,100.0,8.05
201,talnakh,RU,69.49,88.39,1572294724.0,14.0,85.0,75.0,6.71
202,tasiilaq,GL,65.61,-37.64,1572294725.0,28.4,50.0,100.0,2.24
203,deputatskiy,RU,69.3,139.9,1572294727.0,-13.6,100.0,82.0,1.25
204,constitucion,MX,23.99,-104.67,1572294728.0,77.0,17.0,5.0,6.93
205,salalah,OM,17.01,54.1,1572294729.0,78.8,39.0,93.0,5.82
206,nanortalik,GL,60.14,-45.24,1572294730.0,39.52,86.0,100.0,4.36
207,prince albert,CA,53.2,-105.75,1572294731.0,21.2,73.0,75.0,20.8
208,nurobod,UZ,40.91,69.8,1572294732.0,51.8,62.0,0.0,4.7
209,dzhebariki-khaya,RU,62.22,135.8,1572294734.0,10.53,93.0,92.0,0.58
211,anito,PH,12.45,125.29,1572294735.0,84.43,74.0,100.0,9.26
212,imbituba,BR,-28.24,-48.67,1572294736.0,78.8,74.0,100.0,11.41
213,necocli,CO,8.42,-76.79,1572294737.0,91.4,63.0,40.0,4.7
214,castro,CL,-42.48,-73.76,1572294738.0,48.2,93.0,90.0,18.34
215,brownsville,US,25.91,-97.49,1572294739.0,89.6,55.0,20.0,11.41
216,okha,RU,53.59,142.95,1572294740.0,32.65,83.0,35.0,6.69
217,myrtle beach,US,33.7,-78.89,1572294742.0,80.6,88.0,40.0,9.17
218,tiksi,RU,71.64,128.87,1572294743.0,-0.13,93.0,100.0,0.25
219,luis correia,BR,-2.88,-41.67,1572294744.0,84.2,70.0,2.0,19.46
221,port hardy,CA,50.7,-127.42,1572294745.0,44.6,81.0,90.0,8.05
222,pierre,US,44.37,-100.35,1572294683.0,41.0,34.0,1.0,10.29
223,kifri,IQ,34.69,44.96,1572294747.0,72.18,42.0,0.0,5.68
224,athens,GR,37.98,23.73,1572294626.0,66.99,77.0,25.0,3.11
225,ridgecrest,US,35.62,-117.67,1572294735.0,63.0,10.0,20.0,4.7
228,basco,US,40.33,-91.2,1572294751.0,48.0,75.0,90.0,4.7
229,pratapgarh,IN,25.92,82.0,1572294752.0,71.47,62.0,28.0,3.18
230,mirnyy,RU,56.57,36.46,1572294753.0,30.9,82.0,0.0,0.36
231,aksu,KZ,52.04,76.93,1572294754.0,50.0,61.0,0.0,22.37
232,rawatbhata,IN,24.93,75.59,1572294755.0,71.85,69.0,100.0,0.96
233,ponta delgada,PT,37.73,-25.67,1572294756.0,68.0,100.0,75.0,26.4
234,lebedinyy,RU,58.52,125.52,1572294758.0,9.46,84.0,81.0,8.72
235,lompoc,US,34.64,-120.46,1572294759.0,73.99,28.0,1.0,12.75
236,sao filipe,CV,14.9,-24.5,1572294760.0,79.75,63.0,96.0,9.33
237,ilinskaya,RU,45.72,40.72,1572294761.0,55.0,75.0,50.0,4.68
238,znamenskoye,RU,57.13,73.82,1572294762.0,48.76,76.0,96.0,15.73
239,seoul,KR,37.57,126.98,1572294615.0,55.4,100.0,1.0,1.12
240,marfino,RU,56.07,37.56,1572294764.0,41.0,64.0,75.0,8.95
241,chambas,CU,22.19,-78.91,1572294765.0,87.8,70.0,40.0,14.99
242,bowen,AU,-20.01,148.25,1572294767.0,75.99,88.0,40.0,5.82
243,bathsheba,BB,13.22,-59.52,1572294768.0,86.0,66.0,40.0,18.34
244,koutsouras,GR,35.03,25.95,1572294769.0,66.0,62.0,0.0,7.0
245,billings,US,45.79,-108.5,1572294770.0,23.0,85.0,90.0,25.28
246,cayenne,GF,4.94,-52.33,1572294771.0,87.8,58.0,54.0,12.75
248,mahebourg,MU,-20.41,57.7,1572294772.0,71.6,83.0,20.0,5.55
249,college,US,64.86,-147.8,1572294773.0,48.2,75.0,90.0,3.36
250,port-cartier,CA,50.03,-66.88,1572294775.0,42.01,87.0,90.0,10.29
252,sorland,NO,67.67,12.69,1572294776.0,41.0,66.0,40.0,26.4
253,tuatapere,NZ,-46.13,167.69,1572294777.0,48.99,84.0,100.0,4.0
254,hami,CN,42.84,93.51,1572294778.0,40.93,33.0,63.0,0.72
255,hofn,IS,64.25,-15.21,1572294779.0,44.15,51.0,0.0,7.96
256,pomabamba,PE,-8.82,-77.46,1572294780.0,50.81,63.0,96.0,4.97
257,geraldton,CA,49.72,-86.95,1572294781.0,37.4,55.0,90.0,4.7
258,arraial do cabo,BR,-22.97,-42.02,1572294783.0,82.4,78.0,20.0,17.22
259,rupert,US,42.62,-113.68,1572294784.0,35.6,31.0,90.0,17.22
260,caloundra,AU,-26.8,153.14,1572294785.0,72.0,68.0,20.0,8.05
261,nicoya,CR,10.15,-85.45,1572294786.0,78.8,88.0,75.0,4.7
262,isangel,VU,-19.55,169.27,1572294787.0,66.2,93.0,20.0,16.49
264,avera,US,33.19,-82.53,1572294788.0,82.4,47.0,1.0,4.7
266,oneonta,US,42.45,-75.06,1572294789.0,64.0,64.0,0.0,1.01
268,raymond,CA,49.47,-112.67,1572294783.0,19.0,66.0,75.0,29.97
269,gornopravdinsk,RU,60.06,69.92,1572294792.0,21.63,91.0,100.0,14.34
270,victoria,BN,5.28,115.24,1572294516.0,78.8,78.0,75.0,4.7
271,belyy yar,RU,53.6,91.39,1572294794.0,48.2,66.0,100.0,15.66
272,fortuna,US,40.6,-124.16,1572294795.0,60.01,41.0,1.0,8.05
273,ahipara,NZ,-35.17,173.16,1572294796.0,55.99,100.0,100.0,13.62
274,kokopo,PG,-4.34,152.27,1572294798.0,83.23,74.0,0.0,11.07
275,komsomolskiy,RU,67.55,63.78,1572294799.0,4.68,98.0,77.0,4.25
276,baniachang,BD,24.52,91.37,1572294800.0,72.88,92.0,80.0,2.39
277,tripoli,GR,37.51,22.37,1572294801.0,66.0,77.0,77.0,4.7
278,lakes entrance,AU,-37.88,147.99,1572294802.0,54.54,60.0,0.0,6.93
279,muros,ES,42.77,-9.06,1572294803.0,66.99,100.0,75.0,6.93
280,yarmouth,CA,43.84,-66.12,1572294514.0,51.01,76.0,75.0,5.82
281,severnoye,RU,54.09,52.54,1572294806.0,37.42,76.0,0.0,8.52
282,bismarck,US,46.81,-100.78,1572294747.0,37.0,51.0,75.0,18.34
283,tual,ID,-5.67,132.75,1572294808.0,80.98,78.0,76.0,12.41
284,vila franca do campo,PT,37.72,-25.43,1572294809.0,68.0,100.0,75.0,26.4
285,peniche,PT,39.36,-9.38,1572294810.0,66.2,100.0,75.0,4.7
286,gainsborough,GB,53.4,-0.77,1572294811.0,42.8,93.0,40.0,5.82
287,puerto leguizamo,CO,-0.19,-74.78,1572294812.0,90.32,54.0,97.0,1.23
289,hervey bay,AU,-25.3,152.85,1572294814.0,71.01,88.0,75.0,8.05
290,maniitsoq,GL,65.42,-52.9,1572294815.0,33.17,81.0,21.0,1.86
291,russell,US,38.9,-98.86,1572294816.0,33.8,39.0,90.0,16.11
292,luau,CD,-10.7,22.23,1572294817.0,69.53,84.0,44.0,5.99
293,wasilla,US,61.58,-149.44,1572294815.0,55.0,70.0,90.0,12.75
294,hualmay,PE,-11.1,-77.61,1572294819.0,69.89,59.0,32.0,8.95
295,jalu,LY,29.03,21.55,1572294820.0,66.74,33.0,0.0,4.23
296,esperance,AU,-33.86,121.89,1572294822.0,55.4,76.0,90.0,11.41
297,port lincoln,AU,-34.72,135.86,1572294823.0,65.37,34.0,0.0,13.35
298,lucea,JM,18.44,-78.17,1572294824.0,87.8,66.0,20.0,18.34
299,labuhan,ID,-2.54,115.51,1572294825.0,73.33,82.0,99.0,1.41
300,baiyin,CN,36.55,104.13,1572294826.0,28.4,86.0,0.0,6.71
301,mirabad,IR,28.27,61.33,1572294827.0,63.05,40.0,0.0,0.96
302,necochea,AR,-38.55,-58.74,1572294828.0,54.0,87.0,85.0,8.01
303,souillac,FR,45.6,-0.6,1572294829.0,59.0,93.0,34.0,4.7
304,adrar,DZ,27.87,-0.29,1572294831.0,71.6,28.0,0.0,10.29
305,araripina,BR,-7.58,-40.5,1572294832.0,82.02,28.0,1.0,5.66
306,srandakan,ID,-7.94,110.25,1572294833.0,70.54,94.0,8.0,1.48
307,synya,RU,65.37,58.04,1572294834.0,16.14,96.0,100.0,7.18
308,jizan,SA,16.89,42.56,1572294835.0,86.0,70.0,0.0,3.49
309,gao,ML,16.28,-0.04,1572294836.0,89.71,11.0,0.0,12.77
310,bredasdorp,ZA,-34.53,20.04,1572294837.0,51.01,71.0,0.0,11.41
311,sabang,PH,13.8,121.11,1572294838.0,79.0,94.0,100.0,5.68
312,baton rouge,US,30.45,-91.15,1572294840.0,78.01,64.0,90.0,4.7
313,nizhneudinsk,RU,54.91,99.03,1572294841.0,39.61,80.0,58.0,11.14
314,yaan,NG,7.38,8.57,1572294842.0,71.76,95.0,93.0,0.67
315,san nicolas,PH,16.07,120.76,1572294843.0,70.23,90.0,100.0,7.02
316,yanam,IN,16.73,82.22,1572294844.0,75.9,96.0,84.0,3.33
317,kuala terengganu,MY,5.33,103.14,1572294845.0,75.2,100.0,75.0,1.12
319,illapel,CL,-31.63,-71.17,1572294846.0,58.86,36.0,100.0,7.61
320,juneau,US,58.3,-134.42,1572294786.0,43.0,87.0,90.0,0.34
321,hambantota,LK,6.12,81.12,1572294849.0,79.93,82.0,100.0,16.62
322,sakaiminato,JP,35.55,133.23,1572294850.0,57.2,87.0,90.0,5.82
323,pemberton,AU,-34.44,116.03,1572294851.0,50.0,84.0,100.0,1.01
324,katsuura,JP,33.93,134.5,1572294852.0,61.0,93.0,90.0,9.17
325,anadyr,RU,64.73,177.51,1572294853.0,12.2,78.0,0.0,17.9
326,alofi,NU,-19.06,-169.92,1572294854.0,75.06,78.0,100.0,24.27
327,sibolga,ID,1.74,98.78,1572294855.0,70.23,98.0,100.0,1.41
328,profitis ilias,GR,40.81,22.16,1572294857.0,61.0,57.0,33.0,6.93
329,shitanjing,CN,39.23,106.34,1572294858.0,48.99,21.0,0.0,5.01
330,poum,MK,41.28,20.71,1572294859.0,42.8,75.0,20.0,3.36
331,tucurui,BR,-3.77,-49.67,1572294860.0,86.22,59.0,76.0,2.39
332,cocachacra,PE,-17.09,-71.76,1572294861.0,60.71,75.0,61.0,7.36
333,thompson,CA,55.74,-97.86,1572294862.0,19.4,85.0,90.0,17.22
335,tura,RU,64.27,100.22,1572294863.0,7.25,96.0,100.0,2.71
336,uni,RU,57.75,51.49,1572294865.0,27.75,71.0,100.0,8.12
337,cap-aux-meules,CA,47.38,-61.86,1572294866.0,44.6,65.0,75.0,5.82
338,storslett,NO,69.77,21.03,1572294867.0,34.75,66.0,100.0,19.8
339,tessalit,ML,20.2,1.01,1572294868.0,74.41,12.0,0.0,13.15
340,ducheng,CN,30.54,114.9,1572294869.0,54.5,82.0,0.0,1.95
341,vanimo,PG,-2.67,141.3,1572294870.0,83.7,71.0,100.0,3.94
342,krasnopillya,UA,50.77,35.26,1572294871.0,42.44,82.0,100.0,5.17
343,kieta,PG,-6.22,155.63,1572294872.0,82.09,76.0,100.0,4.09
345,opuwo,NA,-18.06,13.84,1572294874.0,71.71,26.0,100.0,1.61
346,mangrol,IN,25.33,76.51,1572294875.0,76.19,43.0,99.0,3.15
347,lom sak,TH,16.78,101.24,1572294876.0,67.6,95.0,0.0,4.05
348,nanakuli,US,21.39,-158.15,1572294877.0,86.0,48.0,40.0,17.22
349,chabahar,IR,25.29,60.65,1572294878.0,73.4,53.0,64.0,3.94
350,anloga,GH,5.79,0.9,1572294879.0,75.2,88.0,20.0,1.12
351,ilesha,NG,7.14,5.26,1572294880.0,73.2,98.0,100.0,1.66
352,kodiak,US,39.95,-94.76,1572294882.0,39.99,64.0,90.0,8.05
353,waddan,LY,29.16,16.14,1572294883.0,77.76,25.0,100.0,11.83
354,otane,NZ,-39.89,176.62,1572294884.0,55.0,72.0,100.0,8.99
355,belturbet,GB,54.1,-7.44,1572294885.0,36.3,92.0,0.0,5.95
356,palmas,BR,-10.18,-48.33,1572294886.0,82.4,69.0,40.0,2.1
357,zhezkazgan,KZ,47.8,67.71,1572294887.0,50.31,46.0,0.0,16.84
359,east london,ZA,-33.02,27.91,1572294885.0,57.2,62.0,0.0,13.87
360,galbshtadt,RU,53.23,78.98,1572294889.0,51.93,65.0,91.0,26.08
361,san rafael del sur,NI,11.85,-86.44,1572294891.0,89.6,59.0,40.0,18.34
362,bonthe,SL,7.53,-12.5,1572294892.0,78.67,87.0,100.0,4.56
364,flinders,AU,-34.58,150.85,1572294893.0,61.0,100.0,0.0,2.24
366,baneh,IR,35.99,45.88,1572294894.0,55.4,76.0,0.0,2.24
367,sesimbra,PT,38.45,-9.1,1572294895.0,66.99,100.0,40.0,4.7
368,nenjiang,CN,49.17,125.23,1572294896.0,27.1,89.0,99.0,11.41
369,merauke,ID,-8.49,140.4,1572294898.0,75.81,91.0,100.0,5.41
371,durban,CA,51.93,-101.44,1572294899.0,24.49,87.0,100.0,5.91
372,rio gallegos,AR,-51.62,-69.22,1572294900.0,46.4,57.0,75.0,8.05
373,karpogory,RU,64.0,44.44,1572294901.0,25.39,86.0,86.0,6.55
374,mogadishu,SO,2.04,45.34,1572294902.0,80.89,85.0,26.0,10.65
375,lodwar,KE,3.12,35.6,1572294904.0,86.85,42.0,80.0,11.5
376,nizwa,OM,22.93,57.53,1572294905.0,74.91,35.0,14.0,7.34
377,khasan,RU,42.43,130.64,1572294906.0,42.62,74.0,6.0,6.04
378,san quintin,PH,17.54,120.52,1572294907.0,72.61,85.0,99.0,4.34
379,bandarbeyla,SO,9.49,50.81,1572294908.0,79.9,58.0,100.0,2.39
380,mecca,SA,21.43,39.83,1572294858.0,79.11,51.0,0.0,1.81
381,sungai petani,MY,5.64,100.49,1572294910.0,77.0,94.0,75.0,1.19
382,rongcheng,CN,37.16,122.42,1572294911.0,51.6,53.0,0.0,16.89
383,nizhnyaya tavda,RU,57.67,66.17,1572294913.0,36.77,65.0,86.0,17.11
384,mahajanga,MG,-15.72,46.32,1572294914.0,82.4,83.0,40.0,5.82
386,matagami,NG,9.67,8.4,1572294915.0,69.31,87.0,99.0,0.63
387,chicama,PE,-7.84,-79.15,1572294916.0,66.2,77.0,40.0,11.41
388,cordoba,AR,-27.78,-67.24,1572294917.0,89.17,22.0,59.0,19.64
389,chuy,UY,-33.69,-53.46,1572294918.0,74.28,81.0,100.0,4.36
390,los llanos de aridane,ES,28.66,-17.92,1572294920.0,77.0,65.0,73.0,2.24
391,egvekinot,RU,66.32,-179.17,1572294921.0,12.7,80.0,7.0,7.85
392,plettenberg bay,ZA,-34.05,23.37,1572294922.0,53.13,68.0,6.0,20.89
393,atagay,RU,55.1,99.39,1572294923.0,38.17,88.0,100.0,8.79
394,kaitangata,NZ,-46.28,169.85,1572294924.0,46.99,83.0,27.0,4.0
395,solnechnyy,RU,50.72,136.64,1572294925.0,31.03,84.0,98.0,1.32
396,mae hong son,MM,19.3,97.96,1572294926.0,66.33,89.0,0.0,2.26
397,obo,CF,5.39,26.49,1572294928.0,70.97,73.0,80.0,2.57
398,churapcha,RU,62.0,132.43,1572294929.0,6.01,98.0,82.0,2.24
399,la ronge,CA,55.1,-105.3,1572294930.0,19.4,67.0,90.0,13.87
400,benguela,AO,-12.58,13.4,1572294931.0,74.35,75.0,100.0,2.51
402,knyaze-volkonskoye,RU,48.46,135.46,1572294932.0,33.8,80.0,100.0,8.95
403,dodge city,US,37.75,-100.02,1572294765.0,32.0,63.0,90.0,14.99
405,akhtubinsk,RU,48.29,46.17,1572294934.0,52.95,64.0,99.0,5.68
406,batemans bay,AU,-35.71,150.18,1572294936.0,59.0,81.0,1.0,3.0
407,rocky mountain house,CA,52.38,-114.92,1572294937.0,17.47,57.0,100.0,12.93
408,sovetskiy,RU,56.76,48.47,1572294938.0,28.45,73.0,96.0,8.66
409,jaca,ES,42.57,-0.55,1572294939.0,54.0,100.0,32.0,2.24
410,samarai,PG,-10.62,150.67,1572294940.0,75.54,89.0,100.0,7.63
411,port moresby,PG,-9.47,147.16,1572294941.0,75.2,94.0,40.0,3.36
412,south lake tahoe,US,38.93,-119.98,1572294942.0,55.0,29.0,1.0,4.7
413,abu dhabi,AE,24.47,54.37,1572294940.0,82.4,58.0,0.0,2.24
414,zhanaozen,KZ,43.35,52.85,1572294945.0,54.77,23.0,0.0,13.2
415,vardo,US,39.62,-77.74,1572294946.0,70.0,42.0,1.0,4.7
416,provideniya,RU,64.42,-173.23,1572294947.0,33.8,86.0,90.0,17.9
417,barahona,DO,18.21,-71.1,1572294948.0,87.8,62.0,75.0,11.41
418,dandong,CN,40.12,124.37,1572294949.0,38.68,62.0,0.0,3.96
419,baykit,RU,61.68,96.39,1572294950.0,22.66,97.0,100.0,2.08
421,lipin bor,RU,60.26,37.97,1572294951.0,24.64,97.0,85.0,4.07
422,adre,TD,13.47,22.2,1572294953.0,74.39,33.0,2.0,3.91
423,tibati,CM,6.47,12.63,1572294954.0,66.72,87.0,100.0,2.04
424,abonnema,NG,4.71,6.79,1572294955.0,75.33,88.0,9.0,2.95
425,paita,PE,-5.09,-81.11,1572294956.0,62.6,100.0,65.0,19.46
426,ayolas,PY,-27.39,-56.84,1572294957.0,96.8,44.0,0.0,5.66
427,bourges,FR,47.08,2.4,1572294958.0,51.8,93.0,90.0,10.29
428,molteno,ZA,-31.4,26.36,1572294959.0,41.23,48.0,0.0,13.47
429,teseney,ER,15.11,36.66,1572294960.0,87.49,41.0,35.0,6.29
430,itamaraca,BR,-7.75,-34.83,1572294962.0,80.6,65.0,40.0,12.75
431,morinville,CA,53.8,-113.65,1572294963.0,19.99,73.0,90.0,20.8
432,naifaru,MV,5.44,73.37,1572294964.0,82.76,73.0,100.0,9.84
433,trat,TH,12.25,102.51,1572294965.0,83.07,74.0,100.0,6.38
434,lojt kirkeby,DK,55.08,9.47,1572294966.0,44.6,93.0,20.0,5.82
435,sao joao nepomuceno,BR,-21.54,-43.01,1572294967.0,82.0,26.0,99.0,4.0
436,menongue,AO,-14.66,17.68,1572294968.0,74.73,39.0,83.0,2.91
437,bambous virieux,MU,-20.34,57.76,1572294969.0,71.6,83.0,20.0,9.55
438,angoche,MZ,-16.23,39.91,1572294971.0,78.48,60.0,22.0,9.84
439,pochutla,MX,15.74,-96.47,1572294972.0,89.01,58.0,75.0,4.88
441,oyama,JP,36.31,139.8,1572294973.0,64.0,75.0,100.0,4.27
442,nuevo laredo,US,27.49,-99.5,1572294773.0,89.6,40.0,1.0,11.41
443,saint-philippe,CA,45.36,-73.48,1572294975.0,57.99,81.0,90.0,3.36
444,lere,TD,9.66,14.23,1572294976.0,74.53,76.0,5.0,3.27
446,kamenka,MD,48.03,28.7,1572294978.0,46.99,90.0,100.0,10.56
448,raudeberg,NO,61.99,5.14,1572294979.0,41.0,80.0,40.0,1.12
449,wewak,PG,-3.55,143.63,1572294980.0,78.96,84.0,100.0,2.44
451,yar-sale,RU,66.83,70.83,1572294981.0,4.5,95.0,10.0,6.46
452,yarkovo,RU,54.81,82.6,1572294982.0,48.2,87.0,90.0,17.9
453,sobolevo,RU,54.43,31.9,1572294983.0,38.8,91.0,31.0,4.63
454,santa rosa,AR,-36.62,-64.29,1572294984.0,72.12,34.0,0.0,12.55
455,guerrero negro,MX,27.97,-114.04,1572294986.0,81.48,25.0,75.0,3.78
456,culebra,PA,9.3,-82.53,1572294987.0,70.0,85.0,25.0,3.0
457,sinop,TR,42.03,35.15,1572294760.0,62.19,78.0,100.0,5.88
458,oeiras do para,BR,-2.0,-49.85,1572294989.0,87.91,48.0,58.0,4.0
459,zell am see,AT,47.32,12.8,1572294990.0,48.99,100.0,75.0,5.82
460,anzio,IT,41.45,12.63,1572294991.0,64.4,93.0,100.0,4.7
461,cartagena,ES,37.63,-1.0,1572294992.0,64.0,100.0,0.0,4.7
462,lashio,MM,22.93,97.75,1572294994.0,62.74,91.0,9.0,2.33
464,castrovillari,IT,39.82,16.2,1572294995.0,59.0,82.0,0.0,1.01
466,aljezur,PT,37.31,-8.8,1572294996.0,68.0,95.0,33.0,1.01
467,bealanana,MG,-14.54,48.75,1572294997.0,59.0,89.0,0.0,1.16
468,port said,EG,25.34,30.55,1572294998.0,67.73,31.0,88.0,4.52
469,escanaba,US,45.75,-87.06,1572294999.0,45.0,56.0,90.0,5.77
470,kysyl-syr,RU,63.9,122.77,1572295001.0,10.26,94.0,38.0,3.58
471,nizhnyaya salda,RU,58.07,60.71,1572295002.0,25.79,79.0,100.0,10.78
472,thunder bay,CA,48.41,-89.26,1572294727.0,37.4,44.0,75.0,12.75
473,saldanha,PT,41.42,-6.55,1572294895.0,58.66,85.0,100.0,3.65
474,sur,OM,22.57,59.53,1572295005.0,81.5,43.0,0.0,16.02
475,saint george,GR,39.45,22.34,1572295006.0,55.4,93.0,12.0,1.68
476,huilong,CN,31.15,106.5,1572295007.0,55.89,84.0,0.0,3.15
477,kayerkan,RU,69.35,87.76,1572294782.0,14.0,85.0,75.0,6.71
478,hamilton,CA,43.26,-79.87,1572295003.0,63.0,51.0,5.0,10.29
479,nancha,CN,47.14,129.26,1572295011.0,35.98,90.0,97.0,2.13
480,broome,GB,52.47,1.45,1572295012.0,46.4,87.0,40.0,2.24
481,vila,IT,45.18,8.4,1572295013.0,63.0,100.0,75.0,2.24
482,ossora,RU,59.24,163.07,1572295014.0,32.94,82.0,100.0,3.29
483,treinta y tres,UY,-33.23,-54.39,1572295015.0,80.24,86.0,99.0,8.08
484,buala,SB,-8.15,159.59,1572294787.0,83.08,74.0,97.0,5.53
485,ambilobe,MG,-13.19,49.05,1572295017.0,72.09,84.0,8.0,6.82
486,mercedes,UY,-33.25,-58.03,1572295019.0,73.0,87.0,100.0,15.99
488,nichinan,JP,31.65,131.31,1572295020.0,59.0,87.0,75.0,3.36
489,dumas,IN,21.09,72.71,1572295021.0,77.0,88.0,75.0,3.36
490,champerico,MX,16.38,-93.6,1572295022.0,84.2,62.0,75.0,2.84
491,srednekolymsk,RU,67.46,153.71,1572295023.0,-4.46,88.0,30.0,8.43
492,tshela,CD,-4.99,12.94,1572295024.0,71.69,98.0,100.0,2.42
493,maryville,US,35.76,-83.97,1572294732.0,75.99,53.0,75.0,1.88
494,ixtapa,MX,20.71,-105.21,1572295026.0,86.0,66.0,40.0,12.75
495,impfondo,CD,1.62,18.06,1572295028.0,70.65,97.0,42.0,1.41
496,svetlogorsk,RU,53.14,59.15,1572295029.0,48.2,57.0,75.0,17.9
497,zaragoza,SV,13.59,-89.29,1572295030.0,86.0,83.0,75.0,5.82
498,xai-xai,MZ,-25.04,33.64,1572295031.0,73.89,86.0,100.0,13.22
499,cabra,ES,37.47,-4.43,1572295032.0,66.99,72.0,100.0,2.24
500,axim,GH,4.87,-2.24,1572295033.0,75.22,95.0,71.0,3.85
501,sola,TZ,-3.17,33.8,1572295034.0,70.5,69.0,81.0,9.26
502,chaoyang,CN,41.58,120.44,1572295036.0,34.07,31.0,2.0,4.79
503,luganville,VU,-15.51,167.18,1572295037.0,80.6,74.0,75.0,8.05
504,bambanglipuro,ID,-7.95,110.28,1572295038.0,70.54,94.0,8.0,1.48
505,timizart,DZ,36.8,4.25,1572295039.0,67.59,71.0,47.0,1.97
506,chillicothe,US,39.33,-82.98,1572295040.0,71.01,42.0,1.0,4.7
507,bayan,CN,36.1,102.26,1572295041.0,29.16,26.0,0.0,2.71
508,clinton,US,41.28,-72.53,1572294833.0,62.6,72.0,40.0,6.93
509,hammerfest,NO,70.66,23.68,1572295043.0,32.0,63.0,40.0,23.04
510,rio grande,BR,-32.03,-52.1,1572295045.0,73.4,94.0,66.0,8.05
511,utica,US,43.1,-75.23,1572294799.0,64.99,59.0,1.0,6.93
512,jiangyou,CN,31.78,104.73,1572295047.0,43.95,81.0,0.0,1.92
513,panzhihua,CN,26.59,101.72,1572295048.0,56.16,84.0,75.0,1.41
515,sterling,US,39.0,-77.4,1572294994.0,70.0,49.0,1.0,4.7
517,sembakung,ID,3.82,117.25,1572295050.0,74.46,93.0,100.0,2.98
518,khuzhir,RU,53.19,107.35,1572295052.0,45.05,80.0,84.0,12.39
519,berdigestyakh,RU,62.1,126.7,1572295053.0,15.28,94.0,100.0,3.38
520,naze,NG,5.43,7.07,1572295054.0,72.07,96.0,48.0,2.26
521,yichun,CN,47.72,128.88,1572295055.0,34.27,92.0,100.0,1.61
522,komatipoort,MZ,-25.43,31.96,1572295056.0,71.01,72.0,87.0,5.82
523,huangmei,CN,30.1,115.95,1572295057.0,54.63,70.0,0.0,3.58
524,noumea,NC,-22.28,166.46,1572295058.0,75.0,68.0,75.0,2.24
525,gat,SN,14.69,-16.54,1572295059.0,78.8,47.0,0.0,9.17
527,gazojak,TM,41.19,61.4,1572295061.0,53.47,23.0,0.0,10.09
528,luderitz,NA,-26.65,15.16,1572295062.0,57.94,70.0,0.0,30.18
529,ha tinh,VN,18.33,105.9,1572295063.0,71.89,85.0,100.0,18.92
530,port-gentil,GA,-0.72,8.78,1572295064.0,77.0,94.0,20.0,2.24
531,moengo,SR,5.62,-54.4,1572295065.0,83.82,65.0,92.0,7.34
532,praia da vitoria,PT,38.73,-27.07,1572295066.0,66.2,88.0,40.0,20.58
533,cortez,US,37.35,-108.58,1572295067.0,39.0,34.0,1.0,9.17
534,berlevag,NO,70.86,29.09,1572295068.0,32.0,86.0,75.0,10.29
535,kavaratti,IN,10.57,72.64,1572295070.0,81.21,77.0,83.0,9.01
536,turukhansk,RU,65.8,87.96,1572295071.0,12.06,96.0,100.0,2.82
537,the valley,AI,18.22,-63.06,1572295072.0,78.8,88.0,75.0,13.87
538,hobyo,SO,5.35,48.53,1572295073.0,80.6,78.0,40.0,11.79
539,shieli,KZ,44.18,66.74,1572295074.0,47.55,69.0,22.0,4.0
540,ola,RU,59.58,151.3,1572295075.0,36.27,97.0,100.0,2.19
541,vuktyl,RU,63.86,57.31,1572295076.0,17.4,94.0,100.0,6.42
542,acari,BR,-6.44,-36.64,1572295009.0,76.32,58.0,54.0,26.15
543,pagudpud,PH,18.56,120.79,1572295079.0,70.18,92.0,100.0,5.5
544,manavalakurichi,IN,8.13,77.3,1572295080.0,77.0,94.0,40.0,2.24
545,kozluk,TR,38.17,41.5,1572295081.0,57.2,82.0,75.0,6.93
547,harboore,DK,56.62,8.18,1572295082.0,42.01,93.0,20.0,4.7
548,tarauaca,BR,-8.16,-70.77,1572295083.0,87.96,52.0,49.0,1.92
549,pangai,TO,-19.8,-174.35,1572295084.0,77.0,69.0,75.0,14.99
550,chapais,CA,49.78,-74.86,1572295086.0,42.8,93.0,90.0,5.82
551,jiuquan,CN,39.73,98.49,1572295087.0,34.74,24.0,0.0,0.96
552,prince rupert,CA,54.32,-130.32,1572295088.0,42.8,75.0,1.0,6.93
553,iguape,BR,-24.7,-47.56,1572294983.0,84.6,61.0,77.0,2.64
554,marsassoum,SN,12.83,-15.98,1572295090.0,78.8,88.0,0.0,2.24
555,ostrovnoy,RU,68.05,39.51,1572295091.0,11.39,96.0,87.0,7.92
557,kailua,US,21.39,-157.74,1572295092.0,86.0,58.0,1.0,11.41
558,barkhan,PK,29.9,69.52,1572295093.0,62.96,35.0,0.0,2.37
559,gander,CA,48.95,-54.61,1572295095.0,37.4,86.0,75.0,13.87
560,afua,NG,5.27,7.87,1572295096.0,72.99,96.0,80.0,0.87
561,zatoka,PL,50.04,20.52,1572295097.0,43.0,100.0,40.0,1.12
562,high rock,BS,26.63,-78.28,1572295098.0,87.8,70.0,20.0,8.05
563,trinidad,BO,-14.83,-64.9,1572295099.0,96.8,47.0,75.0,12.75
565,yenagoa,NG,4.92,6.26,1572295100.0,73.67,94.0,82.0,3.56
566,high level,CA,58.52,-117.13,1572295101.0,21.2,62.0,90.0,8.05
567,road town,VG,18.42,-64.62,1572295103.0,84.2,83.0,75.0,10.29
568,smidovich,RU,48.6,133.81,1572295104.0,37.63,77.0,100.0,14.0
569,kalmunai,LK,7.42,81.82,1572295105.0,81.75,76.0,79.0,7.76
570,matola,MZ,-25.97,32.47,1572294984.0,71.6,73.0,75.0,14.99
571,ust-ordynskiy,RU,52.8,104.75,1572295107.0,35.6,69.0,44.0,4.47
572,komsomolets,RU,52.77,41.29,1572295108.0,45.03,66.0,100.0,1.34
573,kingsville,US,27.52,-97.86,1572295109.0,91.4,55.0,75.0,12.75
574,sunbury,AU,-37.58,144.73,1572295111.0,59.0,33.0,15.0,10.29
575,marsh harbour,BS,26.54,-77.06,1572294917.0,81.5,79.0,30.0,9.1
577,port macquarie,AU,-31.43,152.91,1572295113.0,61.0,100.0,40.0,6.31
578,wagga wagga,AU,-35.12,147.37,1572295114.0,60.01,50.0,0.0,6.93
579,stromness,CA,42.87,-79.55,1572295115.0,64.0,51.0,5.0,10.29
580,bilma,NE,18.69,12.92,1572295116.0,82.09,15.0,100.0,7.74
581,katrineholm,SE,59.0,16.21,1572295117.0,34.0,83.0,0.0,5.82
583,kinablangan,PH,7.69,126.55,1572295119.0,71.58,89.0,100.0,3.96
585,tezu,IN,27.93,96.16,1572295120.0,65.53,58.0,100.0,2.91
586,kargil,PK,34.56,76.13,1572295121.0,31.44,55.0,0.0,3.91
587,marawi,PH,8.0,124.29,1572295103.0,75.99,91.0,100.0,8.01
588,formosa do rio preto,BR,-11.04,-45.19,1572295123.0,83.01,39.0,88.0,3.42
590,bongor,TD,10.28,15.37,1572295124.0,76.87,66.0,14.0,4.0
591,pacific grove,US,36.62,-121.92,1572295126.0,72.0,19.0,1.0,5.82
592,beyneu,KZ,45.32,55.19,1572295127.0,56.35,24.0,0.0,11.23
593,sayat,TM,38.78,63.88,1572295128.0,51.8,43.0,14.0,4.7
594,atambua,ID,-9.11,124.89,1572295129.0,71.85,77.0,36.0,3.13
595,rognan,NO,67.1,15.4,1572294832.0,39.2,69.0,40.0,20.8
596,lagoa,PT,37.14,-8.45,1572295131.0,68.0,100.0,75.0,1.12
597,bogorodsk,RU,56.1,43.52,1572294865.0,35.01,64.0,75.0,8.95
598,trincomalee,LK,8.58,81.23,1572295133.0,73.38,97.0,66.0,1.1
599,hirara,JP,24.8,125.28,1572295135.0,77.76,82.0,34.0,8.46
600,ilhabela,BR,-23.78,-45.36,1572295136.0,76.64,85.0,67.0,4.99
601,caraquet,CA,47.79,-64.94,1572294930.0,46.0,70.0,90.0,5.82
603,meulaboh,ID,4.14,96.13,1572295138.0,79.02,84.0,100.0,5.93
604,chotila,IN,22.42,71.2,1572295139.0,82.99,10.0,61.0,3.96
605,constantine,DZ,36.36,6.61,1572295140.0,59.0,87.0,75.0,4.7
606,north platte,US,41.12,-100.77,1572295056.0,30.2,63.0,90.0,11.41
608,nyurba,RU,63.29,118.35,1572295143.0,11.89,89.0,100.0,4.68
609,bulolo,PG,-7.2,146.64,1572295144.0,66.38,92.0,48.0,1.92
610,zemio,CF,5.02,25.13,1572295145.0,70.34,75.0,44.0,0.45
611,udachnyy,RU,66.42,112.4,1572295146.0,8.6,92.0,90.0,4.47
612,husavik,CA,50.56,-96.99,1572294883.0,32.0,58.0,76.0,3.0
614,santa isabel do rio negro,BR,-0.41,-65.02,1572295149.0,86.47,70.0,100.0,0.72
615,dakar,SN,14.69,-17.45,1572295150.0,78.8,47.0,0.0,9.17
617,itarema,BR,-2.92,-39.92,1572295151.0,78.22,69.0,31.0,13.29
618,roald,NO,62.58,6.12,1572295152.0,39.2,93.0,75.0,6.93
619,general roca,AR,-39.03,-67.58,1572295153.0,77.0,15.0,44.0,8.05
620,namibe,AO,-15.19,12.15,1572295154.0,70.07,76.0,72.0,9.01
621,madimba,CM,4.42,9.93,1572295155.0,75.2,100.0,40.0,3.36
622,verkhoyansk,RU,67.55,133.39,1572295157.0,-10.76,87.0,28.0,1.25
623,lazarev,RU,52.23,141.51,1572295158.0,40.01,82.0,100.0,4.85
624,uglegorsk,RU,49.08,142.06,1572295159.0,39.9,79.0,52.0,10.02
625,hearst,CA,49.69,-83.67,1572295160.0,41.63,77.0,99.0,3.56
626,kopervik,NO,59.28,5.31,1572295161.0,42.8,80.0,20.0,13.87
627,sawtell,AU,-30.38,153.1,1572295162.0,59.0,93.0,1.0,4.7
628,madang,CN,35.32,102.79,1572295032.0,36.84,23.0,0.0,7.09
629,brae,GB,60.4,-1.35,1572295164.0,42.8,81.0,35.0,13.87
630,batagay-alyta,RU,67.8,130.41,1572295166.0,-6.27,86.0,83.0,3.24
631,kampong thum,KH,12.71,104.89,1572295167.0,73.15,92.0,28.0,6.46
632,kidal,ML,18.44,1.41,1572295168.0,80.65,10.0,0.0,14.43
633,srednebelaya,RU,50.66,128.01,1572295169.0,30.2,100.0,75.0,8.95
634,rabo de peixe,PT,37.8,-25.58,1572295170.0,68.0,100.0,75.0,26.4
635,shahr-e babak,IR,30.12,55.12,1572295171.0,52.99,57.0,71.0,5.39
636,santa fe,AR,-31.62,-60.7,1572295172.0,80.01,66.0,41.0,4.0
637,verkhnetulomskiy,RU,68.61,31.8,1572295174.0,19.4,100.0,75.0,2.19
638,khandyga,RU,62.65,135.58,1572295175.0,11.52,94.0,100.0,2.71
639,imphal,IN,24.8,93.94,1572295089.0,60.28,97.0,90.0,3.4
640,bilisht,AL,40.62,20.99,1572295177.0,42.8,75.0,20.0,3.36
641,grand gaube,MU,-20.01,57.66,1572295178.0,71.6,83.0,20.0,7.85
642,palmer,AU,-34.85,139.16,1572295179.0,66.0,38.0,43.0,3.0
643,porto novo,BR,-23.68,-45.44,1572295180.0,87.8,29.0,75.0,6.93
644,bilibino,RU,68.06,166.44,1572295181.0,-9.82,100.0,100.0,0.69
645,mahalapye,BW,-23.11,26.83,1572295183.0,79.83,8.0,21.0,19.3
646,severomuysk,RU,56.17,113.57,1572295184.0,1.11,94.0,15.0,4.59
647,talant,FR,47.34,5.0,1572295185.0,51.8,93.0,90.0,10.29
648,mahanoro,MG,-19.9,48.8,1572295186.0,77.83,84.0,17.0,16.49
